"scenario","n","seed","screen","depth","n_leaf","vars","depth_cv","vars_cv","calib_p","gated","share","p_inter","n_cover","max_err","rules","secs"
"inter",1600,1,TRUE,2,3,"X1+X3",2,"X1+X3",7.79714556875253e-30,FALSE,1,1.23594111137657e-25,3,0.134871939185287,"X1 = 0 | X1 = 1 & X3 = 0 | X1 = 1 & X3 = 1",31.2
"inter",1600,2,TRUE,2,3,"X1+X3",2,"X1+X3",2.83582303073989e-26,FALSE,0.75,1.10373063765751e-24,3,0.139338815576422,"X3 = 0 | X3 = 1 & X1 = 0 | X3 = 1 & X1 = 1",29.4
"inter",1600,3,TRUE,2,3,"X1+X3",2,"X1+X3",9.29720988318822e-31,FALSE,1,9.76175760149227e-25,3,0.237999456285655,"X3 = 0 | X3 = 1 & X1 = 0 | X3 = 1 & X1 = 1",29.2
"inter",1600,4,TRUE,2,3,"X1+X3",2,"X1+X3",2.04017444192114e-34,FALSE,0.55,2.16436648725699e-36,3,0.240389306253628,"X3 = 0 | X3 = 1 & X1 = 0 | X3 = 1 & X1 = 1",29.4
"inter",1600,5,TRUE,2,3,"X1+X3",2,"X1+X3",2.36780064828951e-20,FALSE,0.7,1.84994559844088e-23,3,0.171475926365612,"X1 = 0 | X1 = 1 & X3 = 0 | X1 = 1 & X3 = 1",31.6
"inter",1600,6,TRUE,2,3,"X1+X3",2,"X1+X3",1.89840709253679e-27,FALSE,1,5.95674431629598e-30,3,0.086594246224112,"X1 = 0 | X1 = 1 & X3 = 0 | X1 = 1 & X3 = 1",31.7
"inter",1600,7,TRUE,2,3,"X1+X3",2,"X1+X3",2.8248852095706e-29,FALSE,1,5.31268325105105e-30,2,0.37191497955414,"X3 = 0 | X3 = 1 & X1 = 0 | X3 = 1 & X1 = 1",31.9
"inter",1600,8,TRUE,2,3,"X1+X3",2,"X1+X3",1.29650241051885e-21,FALSE,1,6.54283466178372e-29,3,0.148413761903174,"X3 = 0 | X3 = 1 & X1 = 0 | X3 = 1 & X1 = 1",31.5
"inter",1600,9,TRUE,2,3,"X1+X3",2,"X1+X3",1.27151818504545e-26,FALSE,1,1.59013998410007e-29,3,0.11390320239797,"X3 = 0 | X3 = 1 & X1 = 0 | X3 = 1 & X1 = 1",33.8
"inter",1600,10,TRUE,2,3,"X1+X3",2,"X1+X3",3.068238306429e-24,FALSE,0.7,1.6668264419967e-26,3,0.0991185569715889,"X1 = 0 | X1 = 1 & X3 = 0 | X1 = 1 & X3 = 1",34.2
"inter",1600,11,TRUE,2,3,"X1+X3",2,"X1+X3",1.13211448110849e-28,FALSE,1,1.63838898798987e-29,3,0.172277391788375,"X3 = 0 | X3 = 1 & X1 = 0 | X3 = 1 & X1 = 1",31
"inter",1600,12,TRUE,2,3,"X1+X3",2,"X1+X3",7.61323138468058e-31,FALSE,1,1.97668462502905e-23,3,0.265376678458988,"X3 = 0 | X3 = 1 & X1 = 0 | X3 = 1 & X1 = 1",29.9
"inter",1600,13,TRUE,2,3,"X1+X3",2,"X1+X3",6.04291704084309e-27,FALSE,1,2.8924127779077e-27,3,0.0675513609169537,"X1 = 0 | X1 = 1 & X3 = 0 | X1 = 1 & X3 = 1",31
"inter",1600,14,TRUE,2,3,"X1+X3",2,"X1+X3",1.95822703526585e-19,FALSE,0.55,1.28762792344985e-22,3,0.210992488043847,"X1 = 0 | X1 = 1 & X3 = 0 | X1 = 1 & X3 = 1",34.3
"inter",1600,15,TRUE,2,3,"X1+X3",2,"X1+X3",6.39733767837545e-22,FALSE,1,5.77917611151483e-27,3,0.119821194623363,"X3 = 0 | X3 = 1 & X1 = 0 | X3 = 1 & X1 = 1",31.8
"inter",1600,16,TRUE,2,3,"X1+X3",2,"X1+X3",3.94576100947644e-29,FALSE,1,9.94446422216918e-33,3,0.127360614276203,"X3 = 0 | X3 = 1 & X1 = 0 | X3 = 1 & X1 = 1",30.4
"inter",1600,17,TRUE,2,3,"X1+X3",2,"X1+X3",7.5629629105191e-30,FALSE,1,5.0656529227435e-28,3,0.145802281852264,"X1 = 0 | X1 = 1 & X3 = 0 | X1 = 1 & X3 = 1",33.1
"inter",1600,18,TRUE,2,3,"X1+X3",2,"X1+X3",2.85305725363504e-23,FALSE,0.9,3.62271775601371e-19,2,0.329241268878891,"X3 = 0 | X3 = 1 & X1 = 0 | X3 = 1 & X1 = 1",30.9
"inter",1600,19,TRUE,2,3,"X1+X3",2,"X1+X3",1.1514474336312e-29,FALSE,0.85,1.79539673402974e-26,2,0.227846332581299,"X1 = 0 | X1 = 1 & X3 = 0 | X1 = 1 & X3 = 1",33.7
"inter",1600,20,TRUE,2,3,"X1+X3",2,"X1+X3",7.80114591613853e-31,FALSE,1,4.44351805961323e-29,3,0.183137066460808,"X1 = 0 | X1 = 1 & X3 = 0 | X1 = 1 & X3 = 1",32.1
"null",1600,1,TRUE,0,1,"",0,"",0.0660813707336553,FALSE,NA,NA,1,0.00703293555045648,"All patients",29.7
"null",1600,2,TRUE,0,1,"",0,"",0.999999993217805,TRUE,NA,NA,1,0.0439523148720149,"All patients",32.5
"null",1600,3,TRUE,0,1,"",0,"",0.76363942568902,TRUE,NA,NA,1,0.129670683573775,"All patients",32.7
"null",1600,4,TRUE,0,1,"",0,"",0.97625581877141,TRUE,NA,NA,1,0.0731091211587911,"All patients",35.9
"null",1600,5,TRUE,0,1,"",0,"",0.803575064917247,TRUE,NA,NA,1,0.117477181366171,"All patients",33.4
"null",1600,6,TRUE,0,1,"",0,"",0.925456322750233,TRUE,NA,NA,1,0.0486844620650725,"All patients",33.9
"null",1600,7,TRUE,0,1,"",1,"X4",0.98999748873871,TRUE,NA,NA,0,0.163756659147169,"All patients",31.6
"null",1600,8,TRUE,0,1,"",0,"",0.88572157895911,TRUE,NA,NA,1,0.00728822165397242,"All patients",30.7
"null",1600,9,TRUE,0,1,"",0,"",0.925640151088765,TRUE,NA,NA,1,0.0742906207467777,"All patients",30.9
"null",1600,10,TRUE,0,1,"",0,"",0.733550868579583,TRUE,NA,NA,1,0.0376333737331909,"All patients",32.5
"null",1600,11,TRUE,0,1,"",0,"",0.770732295418755,TRUE,NA,NA,1,0.0966593856917588,"All patients",33.1
"null",1600,12,TRUE,0,1,"",0,"",0.783578272888566,TRUE,NA,NA,1,0.101714730862,"All patients",31.8
"null",1600,13,TRUE,0,1,"",0,"",0.843208916620718,TRUE,NA,NA,1,0.0495225765229217,"All patients",34
"null",1600,14,TRUE,0,1,"",0,"",0.697162145273793,TRUE,NA,NA,1,0.129127020282971,"All patients",32.5
"null",1600,15,TRUE,0,1,"",0,"",0.999990239364685,TRUE,NA,NA,1,0.0113934230778415,"All patients",33.8
"null",1600,16,TRUE,1,2,"X5",1,"X5",0.0680931577229621,FALSE,1,0.619531602018248,2,0.155150126648676,"X5 <= -1.053 | X5 > -1.053",32.3
"null",1600,17,TRUE,0,1,"",0,"",0.646491718640617,TRUE,NA,NA,1,0.0405275668306361,"All patients",34.7
"null",1600,18,TRUE,0,1,"",0,"",0.842074983418513,TRUE,NA,NA,1,0.0549581415841191,"All patients",32.1
"null",1600,19,TRUE,0,1,"",0,"",0.114916032689025,TRUE,NA,NA,1,0.0875751544098439,"All patients",34.9
"null",1600,20,TRUE,0,1,"",0,"",0.998031672567321,TRUE,NA,NA,1,0.0444824382864741,"All patients",36.2
"readme",3000,1,TRUE,1,2,"X3",1,"X3",0.00118408863072063,FALSE,1,4.60278669161529e-10,2,0.045077308122776,"X3 = 0 | X3 = 1",42.7
"readme",3000,2,TRUE,1,2,"X3",1,"X3",1.24227395783141e-11,FALSE,1,4.42969534230553e-05,2,0.10504707870435,"X3 = 0 | X3 = 1",39.3
"readme",3000,3,TRUE,1,2,"X3",1,"X3",2.25909927815979e-06,FALSE,1,1.52197050347146e-13,2,0.104965156853123,"X3 = 0 | X3 = 1",40.9
"readme",3000,4,TRUE,2,3,"X1+X3",2,"X1+X3",7.46276285482435e-06,FALSE,1,3.5541839101439e-07,3,0.125083819483044,"X3 = 0 & X1 = 0 | X3 = 0 & X1 = 1 | X3 = 1",44.4
"readme",3000,5,TRUE,2,3,"X1+X3",2,"X1+X3",1.59062530346148e-10,FALSE,1,8.60128552408168e-15,3,0.129138976567191,"X3 = 0 | X3 = 1 & X1 = 0 | X3 = 1 & X1 = 1",44
"readme",3000,6,TRUE,2,3,"X1+X3",2,"X1+X3",3.76750404473659e-12,FALSE,1,1.33127228691622e-12,3,0.173030965886503,"X1 = 0 | X1 = 1 & X3 = 0 | X1 = 1 & X3 = 1",45
"readme",3000,7,TRUE,2,3,"X1+X3",2,"X1+X3",1.25719487584428e-09,FALSE,1,4.27016479630243e-10,2,0.229102381718136,"X3 = 0 | X3 = 1 & X1 = 0 | X3 = 1 & X1 = 1",45.9
"readme",3000,8,TRUE,1,2,"X3",1,"X3",1.45122618697935e-13,FALSE,1,8.16895697559582e-08,2,0.107782282417824,"X3 = 0 | X3 = 1",43.1
"readme",3000,9,TRUE,2,3,"X1+X3",2,"X1+X3",0.00293678931044957,FALSE,0.85,2.29295381584037e-12,3,0.117985492139558,"X3 = 0 | X3 = 1 & X1 = 0 | X3 = 1 & X1 = 1",40.6
"readme",3000,10,TRUE,1,2,"X3",1,"X3",5.91208380845924e-06,FALSE,1,1.85521366489312e-07,2,0.0627337834687595,"X3 = 0 | X3 = 1",44.5
"readme",10000,1,TRUE,2,4,"X1+X3",2,"X1+X3",6.30845966123003e-31,FALSE,1,3.09646836589511e-32,3,0.12311953392691,"X1 = 0 & X3 = 0 | X1 = 0 & X3 = 1 | X1 = 1 & X3 = 0 | X1 = 1 & X3 = 1",101.7
"readme",10000,2,TRUE,2,3,"X1+X3",2,"X1+X3",8.40412336914374e-39,FALSE,1,2.06866589676322e-35,3,0.0912912140265144,"X3 = 0 | X3 = 1 & X1 = 0 | X3 = 1 & X1 = 1",98
"readme",10000,3,TRUE,2,3,"X1+X3",2,"X1+X3",6.64093376307147e-28,FALSE,1,1.04668786161136e-34,3,0.045460665279982,"X3 = 0 | X3 = 1 & X1 = 0 | X3 = 1 & X1 = 1",99.7
"readme",10000,4,TRUE,2,4,"X1+X3",2,"X1+X3",2.42229676764575e-32,FALSE,1,1.3588720812614e-39,3,0.162127158288135,"X1 = 0 & X3 = 0 | X1 = 0 & X3 = 1 | X1 = 1 & X3 = 0 | X1 = 1 & X3 = 1",107.7
"readme",10000,5,TRUE,2,4,"X1+X3",2,"X1+X3",7.66163446356481e-41,FALSE,1,3.79536973590558e-36,4,0.0846292022986132,"X1 = 0 & X3 = 0 | X1 = 0 & X3 = 1 | X1 = 1 & X3 = 0 | X1 = 1 & X3 = 1",93.1
"readme",10000,6,TRUE,2,4,"X1+X3",2,"X1+X3",1.37810759636452e-21,FALSE,1,4.23305135322167e-52,4,0.0937670908311043,"X1 = 0 & X3 = 0 | X1 = 0 & X3 = 1 | X1 = 1 & X3 = 0 | X1 = 1 & X3 = 1",101
"readme",10000,7,TRUE,2,3,"X1+X3",2,"X1+X3",9.30882990776101e-32,FALSE,1,5.27800105183901e-43,3,0.0526279065974056,"X3 = 0 | X3 = 1 & X1 = 0 | X3 = 1 & X1 = 1",104.4
"readme",10000,8,TRUE,2,3,"X1+X3",2,"X1+X3",2.02805436772664e-35,FALSE,1,5.46903596587067e-42,3,0.0562421171874112,"X3 = 0 | X3 = 1 & X1 = 0 | X3 = 1 & X1 = 1",104.7
"readme",10000,9,TRUE,2,4,"X1+X3",2,"X1+X3",3.90238634597751e-36,FALSE,1,5.73813904848914e-39,4,0.0670458226064305,"X3 = 0 & X1 = 0 | X3 = 0 & X1 = 1 | X3 = 1 & X1 = 0 | X3 = 1 & X1 = 1",109.1
"readme",10000,10,TRUE,2,4,"X1+X3",2,"X1+X3",9.87945391321742e-29,FALSE,1,1.78979775267121e-51,3,0.141278292231239,"X3 = 0 & X1 = 0 | X3 = 0 & X1 = 1 | X3 = 1 & X1 = 0 | X3 = 1 & X1 = 1",99.9
"surv",3000,1,TRUE,1,2,"X3",1,"X3",0.000464155474169811,FALSE,1,0.0966479977048768,2,0.0523543586944284,"X3 = 0 | X3 = 1",72.2
"surv",3000,2,TRUE,2,3,"X3+X5",2,"X3+X5",0.000130392647679916,FALSE,1,0.00810785204548433,3,0.110945655295502,"X5 <= 1.167 & X3 = 0 | X5 <= 1.167 & X3 = 1 | X5 > 1.167",71.9
"surv",3000,3,TRUE,0,1,"",0,"",0.0017311329485331,FALSE,NA,NA,1,0.0258120407057302,"All patients",75.4
"surv",3000,4,TRUE,0,1,"",0,"",0.0213546961026041,FALSE,NA,NA,1,0.0131004518396695,"All patients",80.9
"surv",3000,5,TRUE,0,1,"",0,"",0.10165689391739,TRUE,NA,NA,1,0.00614939619997697,"All patients",72.5
"surv",3000,6,TRUE,1,2,"X4",1,"X4",0.00208935955281065,FALSE,0.6,0.276311792270129,2,0.109304476376208,"X4 <= -1.387 | X4 > -1.387",76.7
"surv",3000,7,TRUE,1,2,"X3",1,"X3",0.000431534727225245,FALSE,1,0.0710142710874963,2,0.0700996753968294,"X3 = 0 | X3 = 1",75
"surv",3000,8,TRUE,0,1,"",0,"",0.548987616002738,TRUE,NA,NA,1,0.0177033277270903,"All patients",78.1
"surv",3000,9,TRUE,0,1,"",0,"",0.458029629106082,TRUE,NA,NA,1,0.0383131249800863,"All patients",74
"surv",3000,10,TRUE,0,1,"",0,"",0.360045688142964,TRUE,NA,NA,1,0.0233832451660516,"All patients",78.6
"surv",3000,1,FALSE,2,3,"X1+X3",2,"X1+X3",0.000464155474169811,FALSE,0.55,0.00237592329849668,3,0.0523543586944284,"X3 = 0 | X3 = 1 & X1 = 0 | X3 = 1 & X1 = 1",80
"surv",3000,2,FALSE,2,3,"X1+X3",2,"X1+X3",0.000130392647679916,FALSE,1,5.81999701886962e-05,3,0.0814200271602762,"X1 = 0 | X1 = 1 & X3 = 0 | X1 = 1 & X3 = 1",72.8
"surv",3000,3,FALSE,2,3,"X1+X3",2,"X1+X3",0.0017311329485331,FALSE,0.7,0.000120269346179395,3,0.0740257378305228,"X1 = 0 | X1 = 1 & X3 = 0 | X1 = 1 & X3 = 1",78.4
"surv",3000,4,FALSE,1,2,"X2",1,"X2",0.0213546961026041,FALSE,0.45,0.268540282799046,2,0.0767011600476201,"X2 <= 1.202 | X2 > 1.202",79.7
"surv",3000,5,FALSE,0,1,"",0,"",0.10165689391739,TRUE,NA,NA,1,0.00614939619997697,"All patients",78.8
"surv",3000,6,FALSE,2,3,"X1+X3",2,"X1+X3",0.00208935955281065,FALSE,1,2.194733361147e-06,3,0.017324894914091,"X1 = 0 | X1 = 1 & X3 = 0 | X1 = 1 & X3 = 1",81
"surv",3000,7,FALSE,2,3,"X1+X3",2,"X1+X3",0.000431534727225245,FALSE,0.95,4.69302795689323e-11,2,0.093488570823496,"X1 = 0 | X1 = 1 & X3 = 0 | X1 = 1 & X3 = 1",82.6
"surv",3000,8,FALSE,0,1,"",0,"",0.548987616002738,TRUE,NA,NA,1,0.0177033277270903,"All patients",80.6
"surv",3000,9,FALSE,0,1,"",1,"X5",0.458029629106082,TRUE,NA,NA,1,0.0383131249800863,"All patients",75.1
"surv",3000,10,FALSE,0,1,"",0,"",0.360045688142964,TRUE,NA,NA,1,0.0233832451660516,"All patients",66.4
